t Gerij;Weg naar het Ganzenei 4;6971JG;BRUMMEN;info@rijschoolhetgerij.nl;0575 56 50 42;06 47212938;www.rijschoolhetgerij.nl
1-Autorijschool GUL;Pieter Langendijkstraat;2533TK;S GRAVENHAGE;rijschoolgul@gmail.com;070 445 03 65;06 42301302;www.rijschoolgul.nl
A-One Autorijopleiding;Alferbos 116;2715TG;ZOETERMEER;info@a1-rijbewijs.nl;079 320 06 68;06 24614765;www.a1-rijbewijs.nl
A. Schenk Rijopleidingen;Mamelis 17a;6295NA;LEMIERS;a.schenk.rijopleidingen@gmail.com;043 306 64 02;;www.schenk-rijopleidingen.nl
AA Werkman;Industrieweg 2;9403AA;ASSEN;info@aawerkman.nl;0592 37 53 24;06 22224319;www.aawerkman.nl
AAA-RS-Betti;Titostraat 40;1314TC;ALMERE;info@rs-betti.nl;;06 19995509;www.rs-betti.nl
Aad van der Voorde Rijopleidingen;Nieuwe Meerlandseweg 2;9684VP;FINSTERWOLDE;info@aadvandervoorde.nl; 0597 33 26 06;06 54690014;www.aadvandervoorde.nl
ABR-Rijnland;Jacoba van Beierenlaan 40;2353DV;LEIDERDORP;info@abr-rijnland.nl;071 880 24 79;06 55848568;www.abr-rijnland.nl
Academie Voertuigbeheersing Rijtechniek;Assumburg 69;8226RA;LELYSTAD;fgrin@academieavr.nl;0320 26 11 99;06 51280920;www.academieavr.nl
Acces Rijopleidingen;Goeman Borgesiusstraat 49;1067LS;AMSTERDAM;info@rijschoolacces.nl;;06 43442276;www.rijschoolacces.nl
